Language,Runtime Percentile
Racket,97.67712195121952
Erlang,93.98147777777778
Elixir,88.34180789473685
Scala,80.30451176470588
Java,77.67632040816326
Rust,74.734375
C,69.212254
Go,68.9440085106383
C++,68.74645319148937
C#,67.360902
PHP,65.32923673469388
Kotlin,59.67794000000001
Python2,58.00955510204082
Ruby,57.10771041666666
Python3,56.72933404255318
Swift,53.47121304347826
JavaScript,52.22127173913044
Dart,52.19150200000001
TypeScript,52.1491255319149
